Player ID,Name,Team,Age,G,GS,MP,FG,FGA,FG%,3P,3PA,3P%,2P,2PA,2P%,eFG%,FT,FTA,FT%,ORB,DRB,TRB,AST,STL,BLK,TOV,PF,PTS/G
 georgpa01,Paul George,Oklahoma City Thunder,28,77,77,36.9,9.2,21,0.438,3.8,9.8,0.386,5.4,11.1,0.484,0.529,5.9,7,0.839,1.4,6.8,8.2,4.1,2.2,0.4,2.7,2.8,28
 westbru01,Russell Westbrook,Oklahoma City Thunder,30,73,73,36,8.6,20.2,0.428,1.6,5.6,0.29,7,14.5,0.481,0.468,4.1,6.2,0.656,1.5,9.6,11.1,10.7,1.9,0.5,4.5,3.4,22.9
 adamsst01,Steven Adams,Oklahoma City Thunder,25,80,80,33.4,6,10.1,0.595,0,0,0,6,10.1,0.596,0.595,1.8,3.7,0.5,4.9,4.6,9.5,1.6,1.5,1,1.7,2.6,13.9
 grantje01,Jerami Grant,Oklahoma City Thunder,24,80,77,32.7,5.1,10.3,0.497,1.4,3.7,0.392,3.7,6.6,0.555,0.567,2,2.8,0.71,1.2,4,5.2,1,0.8,1.3,0.8,2.7,13.6
 schrode01,Dennis Schroder,Oklahoma City Thunder,25,79,14,29.3,5.8,14,0.414,1.6,4.6,0.341,4.2,9.4,0.45,0.47,2.4,2.9,0.819,0.5,3.1,3.6,4.1,0.8,0.2,2.2,2.4,15.5
 fergute01,Terrance Ferguson,Oklahoma City Thunder,20,74,74,26.1,2.5,5.8,0.429,1.4,3.9,0.366,1.1,1.9,0.56,0.552,0.5,0.7,0.725,0.4,1.5,1.9,1,0.5,0.2,0.6,3.1,6.9
 abrinal01,Alex Abrines,Oklahoma City Thunder,25,31,2,19,1.8,5.1,0.357,1.3,4.1,0.323,0.5,1,0.5,0.487,0.4,0.4,0.923,0.2,1.4,1.5,0.6,0.5,0.2,0.5,1.7,5.3
 morrima02,Markieff Morris,Oklahoma City Thunder,29,24,1,16.1,2.5,6.5,0.391,0.8,2.5,0.339,1.7,4,0.423,0.455,0.6,0.8,0.737,0.8,3,3.8,0.8,0.5,0.1,0.3,2.4,6.5
 pattepa01,Patrick Patterson,Oklahoma City Thunder,29,63,5,13.7,1.3,3.5,0.374,0.7,2.2,0.336,0.6,1.3,0.439,0.479,0.3,0.5,0.633,0.7,1.7,2.3,0.5,0.3,0.2,0.3,0.7,3.6
 noelne01,Nerlens Noel,Oklahoma City Thunder,24,77,2,13.7,2.1,3.6,0.587,0,0,,2.1,3.6,0.587,0.587,0.7,1,0.684,1.6,2.6,4.2,0.6,0.9,1.2,0.6,2.2,4.9
 feltora01,Raymond Felton,Oklahoma City Thunder,34,33,0,11.5,1.7,4.1,0.407,0.6,1.8,0.328,1.1,2.2,0.473,0.481,0.4,0.4,0.923,0.1,0.9,1,1.6,0.3,0.2,0.4,0.9,4.3
 naderab01,Abdel Nader,Oklahoma City Thunder,25,61,1,11.4,1.5,3.5,0.423,0.5,1.6,0.32,1,1.9,0.513,0.498,0.4,0.6,0.75,0.2,1.7,1.9,0.3,0.3,0.2,0.4,1.1,4
 diallha01,Hamidou Diallo,Oklahoma City Thunder,20,51,3,10.3,1.5,3.2,0.455,0.1,0.5,0.167,1.4,2.8,0.504,0.467,0.7,1.2,0.61,0.7,1.2,1.9,0.3,0.4,0.2,0.5,1.5,3.7
 burtode02,Deonte Burton,Oklahoma City Thunder,25,32,0,7.5,1,2.6,0.402,0.3,0.8,0.296,0.8,1.7,0.455,0.451,0.3,0.4,0.667,0.1,0.8,0.9,0.3,0.2,0.3,0.3,1,2.6
 luwawti01,Timothe Luwawu-Cabarrot,Oklahoma City Thunder,23,21,1,5.9,0.6,2,0.302,0.2,1,0.227,0.4,1,0.381,0.36,0.2,0.3,0.667,0.2,0.7,0.9,0.2,0.2,0,0.2,0.7,1.7
 davisty01,Tyler Davis,Oklahoma City Thunder,21,1,0,1,0,1,0,0,0,,0,1,0,0,0,0,,1,0,1,0,0,0,0,0,0
 evansja01,Jawun Evans,Oklahoma City Thunder,22,1,0,1,0,1,0,0,1,0,0,0,,0,0,0,,0,0,0,0,0,0,0,0,0
 grantdo01,Donte Grantham,Oklahoma City Thunder,23,3,0,0.7,0,0.7,0,0,0.7,0,0,0,,0,0,0,,0,0,0,0,0,0,0,0,0
 duranke01,Kevin Durant,Golden State Warriors,30,78,78,34.6,9.2,17.7,0.521,1.8,5,0.353,7.5,12.8,0.587,0.571,5.7,6.5,0.885,0.4,5.9,6.4,5.9,0.7,1.1,2.9,2,26
 thompkl01,Klay Thompson,Golden State Warriors,28,78,78,34,8.4,18,0.467,3.1,7.7,0.402,5.3,10.3,0.516,0.553,1.7,2,0.816,0.5,3.4,3.8,2.4,1.1,0.6,1.5,2,21.5
 curryst01,Stephen Curry,Golden State Warriors,30,69,69,33.8,9.2,19.4,0.472,5.1,11.7,0.437,4,7.7,0.525,0.604,3.8,4.2,0.916,0.7,4.7,5.3,5.2,1.3,0.4,2.8,2.4,27.3
 greendr01,Draymond Green,Golden State Warriors,28,66,66,31.3,2.8,6.4,0.445,0.7,2.5,0.285,2.1,3.9,0.549,0.501,1,1.4,0.692,0.9,6.4,7.3,6.9,1.4,1.1,2.6,3,7.4
 couside01,DeMarcus Cousins,Golden State Warriors,28,30,30,25.7,5.9,12.4,0.48,0.9,3.2,0.274,5.1,9.2,0.551,0.515,3.5,4.8,0.736,1.4,6.8,8.2,3.6,1.3,1.5,2.4,3.6,16.3
 iguodan01,Andre Iguodala,Golden State Warriors,35,68,13,23.2,2.2,4.4,0.5,0.7,2.1,0.333,1.5,2.3,0.652,0.579,0.6,1,0.582,0.7,3,3.7,3.2,0.9,0.8,0.8,1.4,5.7
 looneke01,Kevon Looney,Golden State Warriors,22,80,24,18.5,2.7,4.3,0.625,0,0.1,0.1,2.7,4.2,0.641,0.627,0.8,1.3,0.619,2.4,2.8,5.2,1.5,0.6,0.7,0.6,2.6,6.3
 jonesda03,Damian Jones,Golden State Warriors,23,24,22,17.1,2.2,3.1,0.716,0,0,,2.2,3.1,0.716,0.716,1,1.5,0.649,1.3,1.8,3.1,1.2,0.5,1,0.7,2.6,5.4
 jerebjo01,Jonas Jerebko,Golden State Warriors,31,73,6,16.7,2.2,4.9,0.459,0.9,2.6,0.367,1.3,2.3,0.563,0.556,0.9,1.1,0.8,1,3,3.9,1.3,0.4,0.2,0.6,1.9,6.3
 livinsh01,Shaun Livingston,Golden State Warriors,33,64,0,15.1,1.7,3.3,0.519,0,0,0,1.7,3.3,0.524,0.519,0.6,0.8,0.784,0.7,1.2,1.8,1.8,0.5,0.4,0.6,1.2,4
 cookqu01,Quinn Cook,Golden State Warriors,25,74,10,14.3,2.8,5.9,0.465,1.1,2.7,0.405,1.7,3.2,0.515,0.557,0.3,0.4,0.769,0.3,1.8,2.1,1.6,0.3,0,0.7,1.2,6.9
 mckinal01,Alfonzo McKinnie,Golden State Warriors,26,72,5,13.9,1.9,3.8,0.487,0.6,1.6,0.356,1.3,2.2,0.586,0.564,0.4,0.7,0.563,1.1,2.3,3.4,0.4,0.3,0.2,0.4,1.9,4.7
 bogutan01,Andrew Bogut,Golden State Warriors,34,11,5,12.2,1.6,3.3,0.5,0,0,,1.6,3.3,0.5,0.5,0.3,0.3,1,1.1,3.9,5,1,0.3,0.7,0.7,2,3.5
 leeda03,Damion Lee,Golden State Warriors,26,32,0,11.7,1.8,4,0.441,0.8,2.1,0.397,0.9,1.8,0.492,0.547,0.6,0.7,0.864,0.3,1.8,2,0.4,0.4,0,0.3,0.9,4.9
 belljo01,Jordan Bell,Golden State Warriors,24,68,3,11.6,1.5,2.8,0.516,0,0,0,1.5,2.8,0.521,0.516,0.4,0.6,0.61,0.8,1.9,2.7,1.1,0.3,0.8,0.6,1.2,3.3
 evansja02,Jacob Evans,Golden State Warriors,21,30,1,6.8,0.6,1.8,0.34,0.1,0.5,0.267,0.5,1.3,0.368,0.377,0,0,0,0.2,0.6,0.8,0.8,0.2,0.1,0.4,0.9,1.3
 derrima01,Marcus Derrickson,Golden State Warriors,22,11,0,6.1,1.5,3,0.485,0.9,1.8,0.5,0.5,1.2,0.462,0.636,0.4,0.5,0.8,0.7,0.5,1.2,0.1,0,0.1,0.3,0.8,4.2
 hardeja01,James Harden,Houston Rockets,29,78,78,36.8,10.8,24.5,0.442,4.8,13.2,0.368,6,11.3,0.528,0.541,9.7,11,0.879,0.8,5.8,6.6,7.5,2,0.7,5,3.1,36.1
 tuckepj01,P.J. Tucker,Houston Rockets,33,82,82,34.2,2.5,6.4,0.396,1.8,4.7,0.377,0.7,1.7,0.449,0.535,0.5,0.7,0.695,1.5,4.4,5.8,1.2,1.6,0.5,0.8,3.1,7.3
 capelca01,Clint Capela,Houston Rockets,24,67,67,33.6,7.1,10.9,0.648,0,0,,7.1,10.9,0.648,0.648,2.5,3.9,0.636,4.4,8.2,12.7,1.4,0.7,1.5,1.4,2.5,16.6
 paulch01,Chris Paul,Houston Rockets,33,58,58,32,5.2,12.4,0.419,2.2,6.1,0.358,3,6.3,0.479,0.508,3,3.5,0.862,0.6,3.9,4.6,8.2,2,0.3,2.6,2.5,15.6
 gordoer01,Eric Gordon,Houston Rockets,30,68,53,31.7,5.6,13.8,0.409,3.2,8.8,0.36,2.5,5,0.497,0.525,1.8,2.2,0.783,0.3,1.9,2.2,1.9,0.6,0.4,1.3,2.1,16.2
 anthoca01,Carmelo Anthony,Houston Rockets,34,10,2,29.4,4.9,12.1,0.405,2.1,6.4,0.328,2.8,5.7,0.491,0.492,1.5,2.2,0.682,0.9,4.5,5.4,0.5,0.4,0.7,0.8,3.2,13.4
 riverau01,Austin Rivers,Houston Rockets,26,47,13,28.6,3.3,8,0.413,1.5,4.7,0.321,1.8,3.3,0.541,0.507,0.5,1,0.51,0.3,1.6,1.9,2.3,0.6,0.3,0.7,2.9,8.7
 houseda01,Danuel House,Houston Rockets,25,39,13,25.1,3,6.5,0.468,1.9,4.6,0.416,1.1,1.9,0.595,0.615,1.4,1.8,0.789,0.6,2.9,3.6,1,0.5,0.3,0.9,2.1,9.4
 farieke01,Kenneth Faried,Houston Rockets,29,25,13,24.4,5.2,8.9,0.587,0.3,0.8,0.35,5,8.1,0.611,0.603,2.2,3.3,0.651,3.3,5,8.2,0.7,0.6,0.8,1.1,3,12.9
 ennisja01,James Ennis,Houston Rockets,28,40,25,23.7,2.6,5.3,0.493,1.1,3,0.367,1.5,2.3,0.659,0.597,1.1,1.5,0.724,0.9,2,2.9,0.7,1,0.4,0.6,2.8,7.4
 greenge01,Gerald Green,Houston Rockets,33,73,0,20.2,3.2,7.9,0.4,2.1,6,0.354,1,1.9,0.547,0.535,0.8,0.9,0.838,0.4,2.1,2.5,0.5,0.5,0.4,0.8,1.7,9.2
 shumpim01,Iman Shumpert,Houston Rockets,28,20,1,19.1,1.7,4.9,0.347,1.1,3.6,0.296,0.7,1.4,0.481,0.454,0.1,0.2,0.5,0.4,2.3,2.7,1.1,0.6,0.2,0.6,1.8,4.6
 nunnaja01,James Nunnally,Houston Rockets,28,2,0,19,1.5,6.5,0.231,1.5,6,0.25,0,0.5,0,0.346,0,0,,0,0.5,0.5,1,0,0,0,3,4.5
 hilarne01,Nene Hilario,Houston Rockets,36,42,2,13,1.4,2.8,0.517,0,0.1,0,1.4,2.7,0.531,0.517,0.7,1.1,0.66,0.8,2.1,2.9,0.6,0.4,0.4,0.3,2.1,3.6
 clarkga01,Gary Clark,Houston Rockets,24,51,2,12.6,1,3,0.331,0.8,2.7,0.297,0.2,0.3,0.692,0.467,0.1,0.1,1,0.5,1.8,2.3,0.4,0.4,0.5,0.1,0.9,2.9
 knighbr03,Brandon Knight,Houston Rockets,27,12,0,9.8,0.9,3.9,0.234,0.4,2.7,0.156,0.5,1.3,0.4,0.287,0.8,0.9,0.818,0.1,0.7,0.8,0.8,0.2,0,0.4,1.2,3
 cartemi01,Michael Carter-Williams,Houston Rockets,27,16,1,9.1,1.6,3.8,0.41,0.4,1.2,0.368,1.1,2.6,0.429,0.467,0.8,1.6,0.462,0.2,0.6,0.8,1.3,0.6,0.4,0.6,1.7,4.3
 edwarvi01,Vince Edwards,Houston Rockets,22,2,0,8,0.5,2,0.25,0.5,2,0.25,0,0,,0.375,0,0,,0.5,0.5,1,0,0,0,0,0,1.5
 harteis01,Isaiah Hartenstein,Houston Rockets,20,28,0,7.9,0.7,1.5,0.488,0.1,0.2,0.333,0.6,1.3,0.514,0.512,0.4,0.5,0.786,0.8,0.9,1.7,0.5,0.3,0.4,0.5,2,1.9
 chrisma01,Marquese Chriss,Houston Rockets,21,16,0,6.5,0.7,2.1,0.324,0.1,0.9,0.067,0.6,1.2,0.526,0.338,0.4,0.4,0.857,0.4,1.3,1.8,0.4,0.1,0.3,0.8,1.1,1.8
 chiozch01,Chris Chiozza,Houston Rockets,23,7,0,4.7,0.3,1.1,0.25,0.3,0.7,0.4,0,0.4,0,0.375,0,0,,0.1,0.4,0.6,0.6,0.1,0.1,0.1,0.3,0.9
 joneste01,Terrence Jones,Houston Rockets,27,2,0,2.5,0.5,2,0.25,0,1,0,0.5,1,0.5,0.25,0,0.5,0,0,2,2,0,0,0,0.5,0.5,1
 qizh01,Zhou Qi,Houston Rockets,23,1,0,1,1,1,1,0,0,,1,1,1,1,0,0,,0,0,0,0,0,0,0,0,2
 murraja01,Jamal Murray,Denver Nuggets,21,75,74,32.6,6.8,15.6,0.437,2,5.5,0.367,4.8,10.1,0.476,0.502,2.5,3,0.848,0.9,3.4,4.2,4.8,0.9,0.4,2.1,2,18.2
 jokicni01,Nikola Jokic,Denver Nuggets,23,80,80,31.3,7.7,15.1,0.511,1,3.4,0.307,6.7,11.7,0.569,0.545,3.6,4.4,0.821,2.9,8,10.8,7.3,1.4,0.7,3.1,2.9,20.1
 harriga01,Gary Harris,Denver Nuggets,24,57,48,28.8,4.7,11.2,0.424,1.4,4.2,0.339,3.3,6.9,0.476,0.488,2,2.5,0.799,0.7,2.1,2.8,2.2,1,0.3,1.2,2,12.9
 bartowi01,Will Barton,Denver Nuggets,28,43,38,27.7,4.3,10.7,0.402,1.6,4.6,0.342,2.7,6.1,0.447,0.475,1.3,1.7,0.77,0.7,3.9,4.6,2.9,0.4,0.5,1.5,1.9,11.5
 millspa01,Paul Millsap,Denver Nuggets,33,70,65,27.1,4.6,9.5,0.484,0.8,2.3,0.365,3.8,7.2,0.522,0.528,2.6,3.6,0.727,2.2,5,7.2,2,1.2,0.8,1.4,2.6,12.6
 morrimo01,Monte Morris,Denver Nuggets,23,82,6,24,4.2,8.6,0.493,1.1,2.8,0.414,3.1,5.8,0.531,0.56,0.8,1,0.802,0.4,1.9,2.4,3.6,0.9,0,0.6,1.2,10.4
 beaslma01,Malik Beasley,Denver Nuggets,22,81,18,23.2,4.3,9.1,0.474,2,5,0.402,2.3,4.1,0.56,0.584,0.7,0.8,0.848,0.4,2,2.5,1.2,0.7,0.1,0.7,1.4,11.3
 plumlma01,Mason Plumlee,Denver Nuggets,28,82,17,21.1,3.2,5.4,0.593,0,0.1,0.2,3.2,5.3,0.602,0.595,1.4,2.4,0.561,2,4.4,6.4,3,0.8,0.9,1.5,3.1,7.8
 craigto01,Torrey Craig,Denver Nuggets,28,75,37,20,2.1,4.8,0.442,0.8,2.5,0.324,1.3,2.3,0.569,0.526,0.7,0.9,0.7,1.2,2.3,3.5,1,0.5,0.6,0.6,2.3,5.7
 hernaju01,Juan Hernangomez,Denver Nuggets,23,70,25,19.4,2,4.5,0.439,0.9,2.6,0.365,1,1.9,0.541,0.545,0.9,1.2,0.767,0.9,2.9,3.8,0.8,0.4,0.3,0.5,1.3,5.8
 lylestr01,Trey Lyles,Denver Nuggets,23,64,2,17.5,3.2,7.7,0.418,0.8,3.1,0.255,2.4,4.6,0.529,0.47,1.3,1.8,0.698,0.7,3.2,3.8,1.4,0.5,0.4,1.1,1.5,8.5
 thomais02,Isaiah Thomas,Denver Nuggets,29,12,0,15.1,2.8,8.3,0.343,1,3.6,0.279,1.8,4.7,0.393,0.404,1.4,2.3,0.63,0.4,0.7,1.1,1.9,0.4,0.1,1.5,1.4,8.1
 youngni01,Nick Young,Denver Nuggets,33,4,0,9.3,0.8,2.3,0.333,0.8,2,0.375,0,0.3,0,0.5,0,0,,0,0.3,0.3,0.5,0,0.3,0.5,1,2.3
 vandeja01,Jarred Vanderbilt,Denver Nuggets,19,17,0,4.1,0.5,1.1,0.474,0,0.1,0,0.5,1.1,0.5,0.474,0.4,0.6,0.6,0.4,0.9,1.4,0.2,0.4,0.1,0.5,0.5,1.4
 lydonty01,Tyler Lydon,Denver Nuggets,22,25,0,3.8,0.4,0.7,0.5,0.2,0.4,0.4,0.2,0.3,0.625,0.611,0,0.1,0.333,0.3,0.4,0.7,0.2,0.1,0,0.2,0.4,0.9
 goodwbr01,Brandon Goodwin,Denver Nuggets,23,16,0,3.6,0.4,1.4,0.261,0.1,0.4,0.333,0.3,1.1,0.235,0.304,0.6,0.7,0.818,0.1,0.1,0.2,0.9,0,0,0.2,0.4,1.4
 welshth01,Thomas Welsh,Denver Nuggets,22,11,0,3.3,0.6,1.2,0.538,0.3,0.6,0.429,0.4,0.5,0.667,0.654,0.1,0.2,0.5,0,0.4,0.4,0.5,0,0,0.1,0.3,1.6
 akoonde01,DeVaughn Akoon-Purcell,Denver Nuggets,25,7,0,3.1,0.4,1.4,0.3,0,0.6,0,0.4,0.9,0.5,0.3,0.1,0.3,0.5,0.1,0.4,0.6,0.9,0.3,0,0.3,0.6,1
 lillada01,Damian Lillard,Portlan Trailblazers,28,80,80,35.5,8.5,19.2,0.444,3,8,0.369,5.6,11.1,0.499,0.522,5.9,6.4,0.912,0.9,3.8,4.6,6.9,1.1,0.4,2.7,1.9,25.8
 mccolcj01,CJ McCollum,Portlan Trailblazers,27,70,70,33.9,8.2,17.8,0.459,2.4,6.4,0.375,5.8,11.4,0.506,0.527,2.3,2.7,0.828,0.9,3.1,4,3,0.8,0.4,1.5,2.5,21
 aminual01,Al-Farouq Aminu,Portlan Trailblazers,28,81,81,28.3,3.2,7.3,0.433,1.2,3.5,0.343,2,3.9,0.514,0.514,1.9,2.1,0.867,1.4,6.1,7.5,1.3,0.8,0.4,0.9,1.8,9.4
 nurkiju01,Jusuf Nurkic,Portlan Trailblazers,24,72,72,27.4,5.8,11.5,0.508,0,0.4,0.103,5.8,11.1,0.523,0.51,3.9,5.1,0.773,3.4,7,10.4,3.2,1,1.4,2.3,3.5,15.6
 hoodro01,Rodney Hood,Portlan Trailblazers,26,27,4,24.4,3.6,8,0.452,1.1,3.1,0.345,2.6,4.9,0.519,0.518,1.2,1.5,0.805,0.3,1.4,1.7,1.3,0.8,0.3,0.7,1.7,9.6
 harklma01,Maurice Harkless,Portlan Trailblazers,25,60,53,23.6,3.2,6.5,0.487,0.6,2,0.275,2.6,4.5,0.582,0.53,0.8,1.2,0.671,1.3,3.2,4.5,1.2,1.1,0.9,0.8,2.7,7.7
 kanteen01,Enes Kanter,Portlan Trailblazers,26,23,8,22.3,5.4,9.3,0.577,0.1,0.5,0.25,5.3,8.8,0.596,0.584,2.2,3,0.735,3.7,4.9,8.6,1.4,0.6,0.4,1.7,2.7,13.1
 turneev01,Evan Turner,Portlan Trailblazers,30,73,2,22,2.8,6.1,0.46,0.2,0.7,0.212,2.6,5.4,0.494,0.473,1,1.5,0.708,0.5,4,4.5,3.9,0.5,0.2,1.6,1.5,6.8
 curryse01,Seth Curry,Portlan Trailblazers,28,74,2,18.9,2.9,6.3,0.456,1.5,3.4,0.45,1.3,2.9,0.463,0.577,0.6,0.7,0.846,0.4,1.3,1.6,0.9,0.5,0.2,0.8,1.3,7.9
 laymaja01,Jake Layman,Portlan Trailblazers,24,71,33,18.7,3,6,0.509,0.8,2.5,0.326,2.2,3.4,0.646,0.579,0.7,1,0.704,0.8,2.3,3.1,0.7,0.4,0.4,0.6,1.6,7.6
 colliza01,Zach Collins,Portlan Trailblazers,21,77,0,17.6,2.5,5.2,0.473,0.5,1.6,0.331,1.9,3.6,0.534,0.523,1.2,1.6,0.746,1.4,2.8,4.2,0.9,0.3,0.9,1,2.3,6.6
 stausni01,Nik Stauskas,Portlan Trailblazers,25,44,0,15.3,2.2,5.2,0.419,1,2.8,0.344,1.2,2.4,0.51,0.513,0.7,0.8,0.889,0.2,1.6,1.8,1.4,0.3,0.1,0.9,0.7,6.1
 leoname01,Meyers Leonard,Portlan Trailblazers,26,61,2,14.4,2.2,4,0.545,0.8,1.8,0.45,1.3,2.1,0.626,0.649,0.7,0.8,0.843,0.8,3,3.8,1.2,0.2,0.1,0.7,1.7,5.9
 swanica01,Caleb Swanigan,Portlan Trailblazers,21,18,0,8.1,0.8,2.4,0.318,0.1,0.3,0.2,0.7,2.2,0.333,0.33,0.3,0.4,0.857,0.7,2.2,2.9,0.4,0.2,0,0.9,1.2,1.9
 trentga02,Gary Trent,Portlan Trailblazers,20,15,1,7.4,1.1,3.3,0.32,0.3,1.4,0.238,0.7,1.9,0.379,0.37,0.2,0.5,0.429,0.1,0.7,0.7,0.3,0.1,0.1,0.3,0.3,2.7
 simonan01,Anfernee Simons,Portlan Trailblazers,19,20,1,7.1,1.4,3.2,0.444,0.5,1.5,0.345,0.9,1.7,0.529,0.524,0.5,0.8,0.563,0.2,0.5,0.7,0.7,0.1,0,0.6,0.5,3.8
 labissk01,Skal Labissiere,Portlan Trailblazers,22,9,1,7,1.4,2.1,0.684,0.2,0.2,1,1.2,1.9,0.647,0.737,0.3,0.7,0.5,0.6,1.6,2.1,0.6,0.3,0.3,0.4,0.9,3.4
 baldwwa01,Wade Baldwin,Portlan Trailblazers,22,16,0,5.9,0.6,2.1,0.303,0.1,0.6,0.222,0.5,1.5,0.333,0.333,0.5,0.7,0.727,0.1,0.8,0.9,0.8,0.1,0.1,0.9,0.7,1.9
 mitchdo01,Donovan Mitchell,Utah Jazz,22,77,77,33.7,8.6,19.9,0.432,2.4,6.7,0.362,6.1,13.1,0.468,0.493,4.1,5.1,0.806,0.8,3.3,4.1,4.2,1.4,0.4,2.8,2.7,23.8
 goberru01,Rudy Gobert,Utah Jazz,26,81,80,31.8,5.9,8.8,0.669,0,0,,5.9,8.8,0.669,0.669,4.1,6.4,0.636,3.8,9,12.9,2,0.8,2.3,1.6,2.9,15.9
 inglejo01,Joe Ingles,Utah Jazz,31,82,82,31.3,4.4,9.8,0.448,2.3,5.9,0.391,2.1,3.9,0.533,0.565,1.1,1.5,0.707,0.4,3.6,4,5.7,1.2,0.2,2.4,2.2,12.1
 rubiori01,Ricky Rubio,Utah Jazz,28,68,67,27.9,4.3,10.7,0.404,1.2,3.7,0.311,3.2,7,0.454,0.458,2.9,3.4,0.855,0.5,3.1,3.6,6.1,1.3,0.1,2.6,2.6,12.7
 crowdja01,Jae Crowder,Utah Jazz,28,80,11,27.1,4,10,0.399,2.2,6.5,0.331,1.8,3.4,0.527,0.508,1.8,2.5,0.721,0.8,4.1,4.8,1.7,0.8,0.4,1.1,2.1,11.9
 favorde01,Derrick Favors,Utah Jazz,27,76,70,23.2,4.8,8.1,0.586,0.2,1,0.218,4.6,7.1,0.64,0.6,2,3,0.675,2.7,4.6,7.4,1.2,0.7,1.4,1.1,2.1,11.8
 onealro01,Royce O'Neale,Utah Jazz,25,82,16,20.4,2,4.2,0.475,0.8,2.1,0.386,1.2,2,0.569,0.574,0.4,0.5,0.762,0.3,3.2,3.5,1.5,0.7,0.3,0.9,2.1,5.2
 korveky01,Kyle Korver,Utah Jazz,37,54,0,20.1,3.1,7.5,0.408,2.1,5.4,0.384,1,2.1,0.469,0.547,0.9,1.1,0.825,0.2,2.3,2.5,1.2,0.4,0.2,0.8,1.6,9.1
 exumda01,Dante Exum,Utah Jazz,23,42,1,15.8,2.4,5.7,0.419,0.4,1.5,0.29,2,4.3,0.464,0.456,1.6,2,0.791,0.4,1.2,1.6,2.6,0.3,0.1,1.2,1.6,6.9
 burksal01,Alec Burks,Utah Jazz,27,17,0,15.8,2.8,6.7,0.412,0.9,2.5,0.372,1.8,4.2,0.437,0.482,1.9,2.2,0.868,0.1,1.5,1.6,1.2,0.4,0.2,0.9,1.3,8.4
 netora01,Raul Neto,Utah Jazz,26,37,1,12.8,2,4.4,0.46,0.5,1.6,0.333,1.5,2.7,0.535,0.522,0.8,0.9,0.848,0.2,1.5,1.7,2.5,0.4,0.1,0.9,1.3,5.3
 sefolth01,Thabo Sefolosha,Utah Jazz,34,50,2,12.2,1.4,3,0.477,0.7,1.6,0.436,0.7,1.4,0.521,0.591,0.3,0.4,0.636,0.2,2.3,2.5,0.5,0.9,0.1,0.5,0.8,3.8
 bradlto01,Tony Bradley,Utah Jazz,21,3,0,12,2.7,5.3,0.5,0,0,,2.7,5.3,0.5,0.5,0.3,0.7,0.5,3,2,5,0.3,0.7,0.7,1,2,5.7
 allengr01,Grayson Allen,Utah Jazz,23,38,2,10.9,1.8,4.7,0.376,0.8,2.6,0.323,0.9,2.1,0.443,0.466,1.2,1.6,0.75,0.1,0.5,0.6,0.7,0.2,0.2,0.9,1.2,5.6
 niangge01,Georges Niang,Utah Jazz,25,59,0,8.7,1.5,3.1,0.475,0.7,1.8,0.41,0.7,1.3,0.566,0.594,0.3,0.4,0.833,0.2,1.3,1.5,0.6,0.2,0.1,0.4,1,4
 udohek01,Ekpe Udoh,Utah Jazz,31,51,1,6.3,1,1.4,0.694,0,0,,1,1.4,0.694,0.694,0.4,0.6,0.633,0.5,1.2,1.8,0.5,0.2,0.6,0.3,0.7,2.3
 mitrona01,Naz Mitrou-Long,Utah Jazz,25,14,0,6,0.4,1.4,0.3,0.1,0.8,0.182,0.3,0.6,0.444,0.35,0.1,0.1,1,0.1,0.4,0.4,1.1,0.1,0.1,0.6,0.7,1.1
 cavanty01,Tyler Cavanaugh,Utah Jazz,24,11,0,3.5,0.3,0.9,0.3,0.1,0.5,0.2,0.2,0.5,0.4,0.35,0.2,0.2,1,0.3,0.5,0.7,0.1,0,0,0.1,0.3,0.8
 derozde01,DeMar DeRozan,San Antonio Spurs,29,77,77,34.9,8.2,17.1,0.481,0.1,0.6,0.156,8.1,16.5,0.492,0.483,4.8,5.7,0.83,0.7,5.3,6,6.2,1.1,0.5,2.6,2.3,21.2
 aldrila01,LaMarcus Aldridge,San Antonio Spurs,33,81,81,33.2,8.4,16.3,0.519,0.1,0.5,0.238,8.3,15.8,0.528,0.522,4.3,5.1,0.847,3.1,6.1,9.2,2.4,0.5,1.3,1.8,2.2,21.3
 forbebr01,Bryn Forbes,San Antonio Spurs,25,82,81,28,4.4,9.6,0.456,2.1,5,0.426,2.3,4.6,0.489,0.568,0.8,1,0.885,0.2,2.7,2.9,2.1,0.5,0,1,1.9,11.8
 gayru01,Rudy Gay,San Antonio Spurs,32,69,51,26.7,5.4,10.8,0.504,1.1,2.7,0.402,4.4,8.1,0.537,0.554,1.7,2.1,0.816,0.9,5.9,6.8,2.6,0.8,0.5,1.7,2.3,13.7
 whitede01,Derrick White,San Antonio Spurs,24,67,55,25.8,3.9,8.1,0.479,0.7,2.1,0.338,3.2,6,0.529,0.523,1.4,1.8,0.772,0.5,3.2,3.7,3.9,1,0.7,1.4,2.2,9.9
 millspa02,Patty Mills,San Antonio Spurs,30,82,1,23.3,3.4,8.1,0.425,1.9,4.9,0.394,1.5,3.2,0.475,0.545,1.1,1.3,0.854,0.3,1.9,2.2,3,0.6,0.1,1.1,1.6,9.9
 belinma01,Marco Belinelli,San Antonio Spurs,32,79,1,23,3.6,8.7,0.413,1.9,5,0.372,1.7,3.7,0.468,0.52,1.4,1.6,0.903,0.2,2.3,2.5,1.7,0.4,0.1,0.9,1.5,10.5
 bertada01,Davis Bertans,San Antonio Spurs,26,76,12,21.5,2.7,6,0.45,1.9,4.4,0.429,0.8,1.5,0.513,0.61,0.7,0.8,0.883,0.3,3.2,3.5,1.3,0.5,0.4,0.6,1.8,8
 poeltja01,Jakob Poeltl,San Antonio Spurs,23,77,24,16.5,2.4,3.8,0.645,0,0,,2.4,3.8,0.645,0.645,0.6,1.2,0.533,2.3,3,5.3,1.2,0.4,0.9,0.6,1.6,5.5
 cunnida01,Dante Cunningham,San Antonio Spurs,31,64,21,14.5,1.2,2.5,0.475,0.5,1,0.462,0.7,1.5,0.484,0.57,0.2,0.3,0.778,0.8,2.2,2.9,0.8,0.4,0.2,0.3,1.1,3
 gasolpa01,Pau Gasol,San Antonio Spurs,38,27,6,12.2,1.5,3.3,0.466,0.2,0.4,0.5,1.3,2.9,0.462,0.494,1,1.4,0.711,0.8,3.9,4.7,1.9,0.2,0.5,0.5,1,4.2
 walkelo01,Lonnie Walker,San Antonio Spurs,20,17,0,6.9,0.9,2.7,0.348,0.3,0.8,0.385,0.6,1.9,0.333,0.402,0.5,0.6,0.8,0,1,1,0.5,0.4,0.2,0.2,0.4,2.6
 pondequ01,Quincy Pondexter,San Antonio Spurs,30,53,0,5.5,0.5,1.1,0.5,0.1,0.3,0.333,0.4,0.8,0.575,0.552,0.6,0.8,0.81,0.2,0.7,0.9,0.5,0.2,0,0.2,0.5,1.8
 metuch01,Chimezie Metu,San Antonio Spurs,21,29,0,5,0.7,2,0.328,0,0.1,0,0.7,1.9,0.339,0.328,0.4,0.6,0.765,0.3,0.9,1.2,0.4,0.2,0.1,0.5,0.5,1.8
 eubandr01,Drew Eubanks,San Antonio Spurs,21,23,0,4.9,0.7,1.1,0.577,0,0,,0.7,1.1,0.577,0.577,0.5,0.6,0.846,0.3,1.2,1.5,0.3,0.1,0.2,0.3,0.5,1.8
 motiedo01,Donatas Motiejunas,San Antonio Spurs,28,3,0,4.3,1,2,0.5,0,0,,1,2,0.5,0.5,0,0.7,0,0.7,0.3,1,0.3,0,0.3,1,2,2
 harrito02,Tobias Harris,Los Angeles Clippers,26,55,55,34.6,7.7,15.5,0.496,2,4.7,0.434,5.7,10.9,0.523,0.561,3.5,4,0.877,0.7,7.2,7.9,2.7,0.7,0.4,2,2.2,20.9
 gallida01,Danilo Gallinari,Los Angeles Clippers,30,68,68,30.3,6,13,0.463,2.4,5.5,0.433,3.6,7.5,0.484,0.554,5.4,6,0.904,0.8,5.3,6.1,2.6,0.7,0.3,1.5,1.9,19.8
 bradlav01,Avery Bradley,Los Angeles Clippers,28,49,49,29.9,3.3,8.6,0.383,1.2,3.5,0.337,2.1,5.1,0.415,0.452,0.4,0.5,0.8,0.7,2,2.7,2,0.6,0.3,1.2,2.7,8.2
 shamela01,Landry Shamet,Los Angeles Clippers,21,25,23,27.8,3.5,8.4,0.414,2.7,6,0.45,0.8,2.4,0.322,0.576,1.2,1.6,0.795,0.3,2,2.2,2.3,0.5,0.1,0.8,2,10.9
 beverpa01,Patrick Beverley,Los Angeles Clippers,30,78,49,27.4,2.5,6.1,0.407,1.4,3.6,0.397,1.1,2.5,0.421,0.524,1.2,1.6,0.78,1,4,5,3.8,0.9,0.6,1.1,3.4,7.6
 willilo02,Lou Williams,Los Angeles Clippers,32,75,1,26.6,6.5,15.2,0.425,1.4,3.9,0.361,5.1,11.3,0.447,0.471,5.7,6.5,0.876,0.5,2.4,3,5.4,0.8,0.1,2.4,1.1,20
 gilgesh01,Shai Gilgeous-Alexander,Los Angeles Clippers,20,82,73,26.5,4.2,8.7,0.476,0.6,1.7,0.367,3.5,7,0.503,0.512,1.9,2.4,0.8,0.7,2.1,2.8,3.3,1.2,0.5,1.7,2.1,10.8
 harremo01,Montrezl Harrell,Los Angeles Clippers,25,82,5,26.3,6.7,10.8,0.615,0,0.2,0.176,6.6,10.6,0.623,0.617,3.2,5,0.643,2.2,4.3,6.5,2,0.9,1.3,1.6,3.1,16.6
 zubaciv01,Ivica Zubac,Los Angeles Clippers,21,26,25,20.2,3.8,7.2,0.538,0,0,,3.8,7.2,0.538,0.538,1.7,2.3,0.733,2.3,5.3,7.7,1.5,0.4,0.9,1.4,2.5,9.4
 greenja01,JaMychal Green,Los Angeles Clippers,28,24,2,19.6,3.3,6.8,0.482,1.4,3.3,0.413,1.9,3.5,0.548,0.582,0.7,0.9,0.81,1.3,5.2,6.5,0.6,0.5,0.3,1,2.9,8.7
 templga01,Garrett Temple,Los Angeles Clippers,32,26,6,19.6,1.6,4.1,0.396,0.6,2.1,0.296,1,2,0.5,0.472,0.9,1.2,0.742,0.4,2.1,2.5,1.4,1,0.2,0.6,2.7,4.7
 gortama01,Marcin Gortat,Los Angeles Clippers,34,47,43,16,2.1,4,0.532,0,0,,2.1,4,0.532,0.532,0.7,1,0.729,1.4,4.1,5.6,1.4,0.1,0.5,1.1,2,5
 mbahalu01,Luc Mbah a Moute,Los Angeles Clippers,32,4,0,15.3,2,4.5,0.444,0.5,1.5,0.333,1.5,3,0.5,0.5,0.5,1.3,0.4,0.5,1.3,1.8,0.5,0.3,0.3,0.5,2,5
 chandwi01,Wilson Chandler,Los Angeles Clippers,31,15,1,15.1,1.5,4.4,0.348,0.9,2.7,0.325,0.7,1.7,0.385,0.447,0.3,0.5,0.714,0.3,2.9,3.1,0.7,0.2,0.2,0.5,1.9,4.3
 scottmi01,Mike Scott,Los Angeles Clippers,30,52,0,14.4,1.8,4.4,0.4,1,2.6,0.391,0.8,1.9,0.412,0.513,0.2,0.3,0.667,0.5,2.9,3.3,0.8,0.3,0.2,0.5,1.7,4.8
 marjabo01,Boban Marjanovic,Los Angeles Clippers,30,36,9,10.4,2.4,3.9,0.607,0,0.1,0,2.4,3.8,0.616,0.607,2,2.6,0.758,1.5,2.7,4.2,0.6,0.3,0.5,1,1.6,6.7
 wallaty01,Tyrone Wallace,Los Angeles Clippers,24,62,0,10.1,1.5,3.5,0.424,0.1,0.3,0.211,1.4,3.2,0.444,0.433,0.5,0.9,0.526,0.3,1.3,1.6,0.7,0.3,0.1,0.6,1.3,3.5
 teodomi01,Milos Teodosic,Los Angeles Clippers,31,15,0,10,1.1,2.7,0.425,0.7,1.8,0.37,0.5,0.9,0.538,0.55,0.3,0.5,0.571,0.2,0.9,1.1,2.1,0.2,0.1,1.4,1.8,3.2
 robinje01,Jerome Robinson,Los Angeles Clippers,21,33,0,9.7,1.3,3.3,0.4,0.5,1.7,0.316,0.8,1.6,0.491,0.482,0.2,0.3,0.667,0.1,1.2,1.2,0.6,0.3,0.1,0.4,1.4,3.4
 delgaan01,Angel Delgado,Los Angeles Clippers,24,2,0,7.5,0.5,2.5,0.2,0,0,,0.5,2.5,0.2,0.2,0.5,1,0.5,1,1,2,0,0.5,0,0,1,1.5
 motlejo01,Johnathan Motley,Los Angeles Clippers,23,22,0,7.1,1.8,3.3,0.534,0,0.1,0,1.8,3.2,0.557,0.534,1.1,1.8,0.6,0.8,1.5,2.3,0.5,0.2,0.1,0.7,1.2,4.6
 thornsi01,Sindarius Thornwell,Los Angeles Clippers,24,64,1,4.9,0.3,0.8,0.347,0,0.2,0.2,0.2,0.5,0.412,0.378,0.4,0.5,0.735,0.1,0.6,0.7,0.3,0.2,0.1,0.3,0.6,1